name,sort,pic_url
希林娜依高,1,https://vfiles.gtimg.cn/vupload/202005/7c6bd91589023558044.jpg
郑乃馨,2,https://vfiles.gtimg.cn/vupload/202005/17905c1589023747059.jpg
陈卓璇,3,https://vfiles.gtimg.cn/vupload/202005/11e9711589023590375.jpg
赵粤,4,https://vfiles.gtimg.cn/vupload/202005/4ebbfc1589024233837.jpg
张艺凡,5,https://vfiles.gtimg.cn/vupload/202005/c8eb861589025499330.jpg
刘些宁,6,https://vfiles.gtimg.cn/vupload/202005/4794a11589023619177.jpg
王艺瑾,7,https://vfiles.gtimg.cn/vupload/202005/21dbfd1589024055333.jpg
徐艺洋,8,https://vfiles.gtimg.cn/vupload/202005/2a602c1589024329089.jpg
姜贞羽,9,https://vfiles.gtimg.cn/vupload/202005/736de41589024112843.jpg
林君怡,10,https://vfiles.gtimg.cn/vupload/202005/9936b41589025520191.jpg
孙珍妮,11,https://vfiles.gtimg.cn/vupload/202005/355bb01589024417673.jpg
姚慧,12,https://vfiles.gtimg.cn/vupload/202005/3830311589024135105.jpg
苏芮琪,13,https://vfiles.gtimg.cn/vupload/202005/d27ce31589024242701.jpg
胡嘉欣,14,https://vfiles.gtimg.cn/vupload/202005/3c85511589024664409.jpg
许潇晗,15,https://vfiles.gtimg.cn/vupload/202005/b7bc431589024875503.jpg
陈珂,16,https://vfiles.gtimg.cn/vupload/202005/8bc3a51589024580232.jpg
拉娜,17,https://vfiles.gtimg.cn/vupload/202005/35aa451589024723392.jpg
田京凡,18,https://vfiles.gtimg.cn/vupload/202005/e0ba9a1589025133304.jpg
伍雅露,19,https://vfiles.gtimg.cn/vupload/202005/2d64761589025003364.jpg
刘梦,20,https://vfiles.gtimg.cn/vupload/202005/82e8371589024178748.jpg
刘念,21,https://vfiles.gtimg.cn/vupload/202005/ce7b571589024755106.jpg
曾雪瑶,22,https://vfiles.gtimg.cn/vupload/202005/0882391589025191811.jpg
王一桥,23,https://vfiles.gtimg.cn/vupload/202005/37692d1589024837581.jpg
谢安然,24,https://vfiles.gtimg.cn/vupload/202005/871d471589024413094.jpg
陈倩楠,25,https://vfiles.gtimg.cn/vupload/202005/63fefa1589024457644.jpg
胡玛尔,26,https://vfiles.gtimg.cn/vupload/202005/7589e41589025085297.jpg
王柯,27,https://vfiles.gtimg.cn/vupload/202005/2ecee91589024583527.jpg
朱主爱,28,https://vfiles.gtimg.cn/vupload/202005/7bc66c1589024543248.jpg
马思惠,29,https://vfiles.gtimg.cn/vupload/202005/df79bd1589024692311.jpg
康汐,30,https://vfiles.gtimg.cn/vupload/202005/2c96121589025155829.jpg
张清,31,https://vfiles.gtimg.cn/vupload/202005/5dba2c1589025145975.jpg
华承妍,32,https://vfiles.gtimg.cn/vupload/202005/9b968a1589024502270.jpg
冯琬贺,33,https://vfiles.gtimg.cn/vupload/202005/778b791589024485613.jpg
李梦琦,34,https://vfiles.gtimg.cn/vupload/202005/f5180a1589024942817.jpg
李佳恩,35,https://vfiles.gtimg.cn/vupload/202005/eff1001589024905781.jpg
张馨文,36,https://vfiles.gtimg.cn/vupload/202005/31ab551589024308453.jpg
仲菲菲,37,https://vfiles.gtimg.cn/vupload/202005/ff57411589025049447.jpg
孙如云,38,https://vfiles.gtimg.cn/vupload/202005/b1a6051589025015017.jpg
屠芷莹,39,https://vfiles.gtimg.cn/vupload/202005/254cd71589023857389.jpg
李紫梦,40,https://vfiles.gtimg.cn/vupload/202005/b5a53c1589024800451.jpg
钟欣,41,https://vfiles.gtimg.cn/vupload/202005/f935431589024249010.jpg
黄恩茹,42,https://vfiles.gtimg.cn/vupload/202005/3fb0bf1589025169198.jpg
吉扬柳,43,https://vfiles.gtimg.cn/vupload/202005/345fb81589024535129.jpg
敖心仪,44,https://vfiles.gtimg.cn/vupload/202005/cfb7cf1589024192693.jpg
妙静鸥,45,https://vfiles.gtimg.cn/vupload/202005/f208821589025025009.jpg
马玉灵,46,https://vfiles.gtimg.cn/vupload/202005/ec15701589024629580.jpg
朱苓,47,https://vfiles.gtimg.cn/vupload/202005/a12daf1589023944515.jpg
于扬子,48,https://vfiles.gtimg.cn/vupload/202005/61626c1589024526758.jpg
高直,49,https://vfiles.gtimg.cn/vupload/202005/c24dbe1589024359027.jpg
余子鱼,50,https://vfiles.gtimg.cn/vupload/202005/9d0ba91589024460394.jpg
王丽娜,51,https://vfiles.gtimg.cn/vupload/202005/c0d8641589025180557.jpg
崔文美秀,52,https://vfiles.gtimg.cn/vupload/202005/8d86791589023879706.jpg
卞卡,53,https://vfiles.gtimg.cn/vupload/202005/4a0a151589025099991.jpg
史芮伊,54,https://vfiles.gtimg.cn/vupload/202005/40c5ab1589023991084.jpg
张雅卓,55,https://vfiles.gtimg.cn/vupload/202005/27b1471589024473251.jpg
刘雨露,56,https://vfiles.gtimg.cn/vupload/202005/88c1f11589025038534.jpg
王曦瑶,57,https://vfiles.gtimg.cn/vupload/202005/ca75e91589024691086.jpg
李丞汐,58,https://vfiles.gtimg.cn/vupload/202005/6cc5ca1589024022461.jpg
孟欢,59,https://vfiles.gtimg.cn/vupload/202005/6dddea1589024146789.jpg
万芳舟,60,https://vfiles.gtimg.cn/vupload/202005/3cb84a1589024510530.jpg
袁嘉艺,61,https://vfiles.gtimg.cn/vupload/202005/1765be1589024194053.jpg
陈俞瑾,62,https://vfiles.gtimg.cn/vupload/202005/d714781589024658569.jpg
林嘉慧,63,https://vfiles.gtimg.cn/vupload/202005/7f9edc1589023930191.jpg
张欣媚,64,https://vfiles.gtimg.cn/vupload/202005/0021261589024004018.jpg
曾淑岩,65,https://vfiles.gtimg.cn/vupload/202005/b35b4b1589024547833.jpg
舒一灵,66,https://vfiles.gtimg.cn/vupload/202005/73b2a41589024756256.jpg
姜丹,67,https://vfiles.gtimg.cn/vupload/202005/6ccad81589023919732.jpg
张馨允,68,https://vfiles.gtimg.cn/vupload/202005/9c34a51589023958940.jpg
丁诗妤,69,https://vfiles.gtimg.cn/vupload/202005/4458fa1589024446414.jpg
王雨朵,70,https://vfiles.gtimg.cn/vupload/202005/ae8db11589024331730.jpg
文婕,71,https://vfiles.gtimg.cn/vupload/202005/32cc781589024497428.jpg
鹂蔓,72,https://vfiles.gtimg.cn/vupload/202005/ffe1bf1589024766366.jpg
陈欣叶,73,https://vfiles.gtimg.cn/vupload/202005/8eb22f1589025110694.jpg
李惠玉,74,https://vfiles.gtimg.cn/vupload/202005/370b861589024561953.jpg
黄碧茵,75,https://vfiles.gtimg.cn/vupload/202005/7774141589023971187.jpg
李保怡,76,https://vfiles.gtimg.cn/vupload/202005/f254601589024168087.jpg
庞雪倩,77,https://vfiles.gtimg.cn/vupload/202005/aafcb11589024983956.jpg
毕少岩,78,https://vfiles.gtimg.cn/vupload/202005/60bc211589025062101.jpg
潘小雪,79,https://vfiles.gtimg.cn/vupload/202005/c3a77d1589024711463.jpg
沈小婷,80,https://vfiles.gtimg.cn/vupload/202005/af155c1589024220726.jpg
卫倩妮,81,https://vfiles.gtimg.cn/vupload/202005/c041c31589024635066.jpg
吴妙茵,82,https://vfiles.gtimg.cn/vupload/202005/01b3751589024727542.jpg
谭思慧,83,https://vfiles.gtimg.cn/vupload/202005/8f86491589024799479.jpg
李雨露,84,https://vfiles.gtimg.cn/vupload/202005/b9df071589024848295.jpg
陈柔冰,85,https://vfiles.gtimg.cn/vupload/202005/3fd9251589023898549.jpg
吕欣蔚,86,https://vfiles.gtimg.cn/vupload/202005/8657531589024971786.jpg
宋宇苗,87,https://vfiles.gtimg.cn/vupload/202005/c644a51589024614200.jpg
李佳洁,88,https://vfiles.gtimg.cn/vupload/202005/cb337c1589024599718.jpg
张纯如,89,https://vfiles.gtimg.cn/vupload/202005/642c721589024946928.jpg
刘诗琦,90,https://vfiles.gtimg.cn/vupload/202005/9385161589024042588.jpg
王靖贤,91,https://vfiles.gtimg.cn/vupload/202005/7475e01589024669356.jpg
谢樱俊,92,https://vfiles.gtimg.cn/vupload/202005/5b73761589024431416.jpg
吴晓凝,93,https://vfiles.gtimg.cn/vupload/202005/4b42de1589024233584.jpg
周雨霖,94,https://vfiles.gtimg.cn/vupload/202005/c333c71589024786723.jpg
孙露鹭,95,https://vfiles.gtimg.cn/vupload/202005/00ae071589024679037.jpg
黄若元,96,https://vfiles.gtimg.cn/vupload/202005/addda21589024647626.jpg
谢安诗,97,https://vfiles.gtimg.cn/vupload/202005/48ee961589024743076.jpg
赵天爱,98,https://vfiles.gtimg.cn/vupload/202005/082f171589024959575.jpg
温馨,99,https://vfiles.gtimg.cn/vupload/202005/0666b41589024811814.jpg
黄雨晴,100,https://vfiles.gtimg.cn/vupload/202005/d89c631589024822124.jpg
胡娅楠,101,https://vfiles.gtimg.cn/vupload/202005/e217001589024777234.jpg
